1,abb,dec_2012,roe_pct,de_ratio,fcf,0,unnamed:_7,1.8225,42,59,revenue_cagr_5yr,pe_ratio,pb_ratio,dividend_yield,market_cap_cr
14,ABB,Mar 2020,14.49,18.0,24.39,0.072,96.7778,1.1539,225.0,401.0,279.0,11.5762,90.0,175,626.0
15,ABB,Mar 2020,14.49,18.0,24.39,0.072,96.7778,1.1539,-206.0,5643.0,279.0,11.5762,90.0,175,5437.0
16,ABB,Mar 2021,16.03,21.0,26.56,0.0588,55.7222,1.1224,655.0,72.0,325.0,12.3905,85.0,153,727.0
17,ABB,Mar 2021,16.03,21.0,26.56,0.0588,55.7222,1.1224,-225.0,4009.0,325.0,12.3905,85.0,153,3784.0
18,ABB,Mar 2022,16.26,22.0,28.33,0.0539,61.3158,1.1631,552.0,396.0,376.0,13.4286,73.0,152,948.0
19,ABB,Mar 2022,16.26,22.0,28.33,0.0539,61.3158,1.1631,161.0,3936.0,376.0,13.4286,73.0,152,4097.0
20,ABB,Mar 2023,17.74,23.0,29.77,0.0354,85.0,1.1741,745.0,148.0,447.0,15.181,73.0,113,893.0
21,ABB,Mar 2023,17.74,23.0,29.77,0.0354,85.0,1.1741,-922.0,4699.0,447.0,15.181,73.0,113,3777.0
22,ABB,Mar 2024,20.53,25.0,32.47,0.0224,141.75,1.1263,797.0,416.0,565.0,17.6143,73.0,83,1213.0
23,ABB,Mar 2024,20.53,25.0,32.47,0.0224,141.75,1.1263,1095.0,4943.0,565.0,17.6143,73.0,83,6038.0
26,ADANIENSOL,Mar 2016,16.77,88.0,13.77,3.2129,2.0867,0.1868,728.0,816.0,3.0,0.2429,0.0,8585,1544.0
27,ADANIENSOL,Mar 2017,14.46,69.0,14.12,3.0455,2.2179,0.2245,459.0,1730.0,4.0,0.2679,0.0,8975,2189.0
28,ADANIENSOL,Mar 2018,28.98,72.0,18.87,1.7216,3.3149,0.2284,-994.0,3192.0,10.0,0.5506,0.0,10428,2198.0
31,ADANIENSOL,Mar 2021,13.0,40.0,14.46,3.0379,2.3925,0.2296,-225.0,4009.0,11.0,0.8108,0.0,27095,3784.0
53,ADANIGREEN,Mar 2023,12.51,64.0,13.32,7.4237,1.9364,0.1162,3408.0,3857.0,6.0,0.4611,0.0,54223,7265.0
54,ADANIGREEN,Mar 2024,13.67,79.0,12.81,6.5953,1.7139,0.1047,-13347.0,21060.0,7.0,0.6208,0.0,64858,7713.0
55,ADANIPORTS,Mar 2013,45.82,67.0,25.63,1.8173,5.0295,0.17,-3757.0,5136.0,8.0,1.5945,12.0,11620,1379.0
56,ADANIPORTS,Mar 2014,36.05,60.0,19.86,1.4808,3.6888,0.1957,-1378.0,2510.0,8.0,2.1171,12.0,12979,1132.0
57,ADANIPORTS,Mar 2015,37.78,63.0,21.59,1.6513,3.9047,0.1918,572.0,2485.0,11.0,2.6002,10.0,17776,3057.0
58,ADANIPORTS,Mar 2016,40.17,64.0,21.15,1.6544,4.7215,0.1852,-1772.0,4153.0,14.0,3.2621,8.0,22342,2381.0
59,ADANIPORTS,Mar 2017,46.23999999999999,64.0,22.26,1.2675,5.7841,0.1946,1434.0,2629.0,19.0,4.2333,7.0,22214,4063.0
60,ADANIPORTS,Mar 2018,32.59,63.0,17.65,1.0702,5.0671,0.2397,1762.0,3846.0,18.0,5.049,11.0,22370,5608.0
61,ADANIPORTS,Mar 2019,37.03,60.0,16.6,1.137,5.6931,0.194,1661.0,4368.0,19.0,5.887,1.0,27712,6029.0
62,ADANIPORTS,Mar 2020,31.88,50.0,14.87,1.188,4.0364,0.1918,6653.0,749.0,19.0,6.2702,17.0,30242,7402.0
63,ADANIPORTS,Mar 2021,40.23,69.0,16.59,1.1779,4.7251,0.1683,-6508.0,14064.0,25.0,7.4978,20.0,35855,7556.0
64,ADANIPORTS,Mar 2022,28.93,56.0,11.84,1.1462,4.4654,0.1741,4927.0,5493.0,23.0,9.9102,22.0,47935,10420.0
65,ADANIPORTS,Mar 2023,25.85,52.0,11.88,1.1772,4.7711,0.1852,-4816.0,16716.0,25.0,10.5067,20.0,53434,11900.0
66,ADANIPORTS,Mar 2024,30.34,58.0,15.35,0.9373,5.9495,0.2283,8250.0,6768.0,38.0,12.2171,16.0,49470,15018.0
67,ADANIPORTS,Mar 2013,45.82,67.0,25.63,1.8173,5.0295,0.17,-3757.0,5136.0,8.0,1.5945,12.0,11620,1379.0
68,ADANIPORTS,Mar 2014,36.05,60.0,19.86,1.4808,3.6888,0.1957,-1378.0,2510.0,8.0,2.1171,12.0,12979,1132.0
69,ADANIPORTS,Mar 2015,37.78,63.0,21.59,1.6513,3.9047,0.1918,572.0,2485.0,11.0,2.6002,10.0,17776,3057.0
70,ADANIPORTS,Mar 2016,40.17,64.0,21.15,1.6544,4.7215,0.1852,-1772.0,4153.0,14.0,3.2621,8.0,22342,2381.0
71,ADANIPORTS,Mar 2017,46.23999999999999,64.0,22.26,1.2675,5.7841,0.1946,1434.0,2629.0,19.0,4.2333,7.0,22214,4063.0
72,ADANIPORTS,Mar 2018,32.59,63.0,17.65,1.0702,5.0671,0.2397,1762.0,3846.0,18.0,5.049,11.0,22370,5608.0
73,ADANIPORTS,Mar 2019,37.03,60.0,16.6,1.137,5.6931,0.194,1661.0,4368.0,19.0,5.887,1.0,27712,6029.0
74,ADANIPORTS,Mar 2020,31.88,50.0,14.87,1.188,4.0364,0.1918,6653.0,749.0,19.0,6.2702,17.0,30242,7402.0
75,ADANIPORTS,Mar 2021,40.23,69.0,16.59,1.1779,4.7251,0.1683,-6508.0,14064.0,25.0,7.4978,20.0,35855,7556.0
76,ADANIPORTS,Mar 2022,28.93,56.0,11.84,1.1462,4.4654,0.1741,4927.0,5493.0,23.0,9.9102,22.0,47935,10420.0
77,ADANIPORTS,Mar 2023,25.85,52.0,11.88,1.1772,4.7711,0.1852,-4816.0,16716.0,25.0,10.5067,20.0,53434,11900.0
78,ADANIPORTS,Mar 2024,30.34,58.0,15.35,0.9373,5.9495,0.2283,8250.0,6768.0,38.0,12.2171,16.0,49470,15018.0
88,ADANIPOWER,Mar 2022,17.73,36.0,26.61,2.6627,3.3673,0.338,11007.0,774.0,13.0,0.4785,0.0,49145,10233.0
89,ADANIPOWER,Mar 2023,27.67,26.0,35.91,1.4175,4.2927,0.4518,9976.0,1545.0,28.0,0.7746,0.0,42350,8431.0
90,ADANIPOWER,Mar 2024,41.37,36.0,48.28,0.8023,8.2972,0.5472,17651.0,3481.0,54.0,1.1186,0.0,34616,14170.0
91,AMBUJACEM,Dec 2012,13.25,25.0,14.69,0.0068,32.5897,0.7897,1472.0,388.0,8.0,2.8562,43.0,60,1860.0
92,AMBUJACEM,Dec 2013,13.95,18.0,13.51,0.0051,30.7313,0.7071,771.0,496.0,8.0,3.0621,44.0,48,1267.0
93,AMBUJACEM,Dec 2014,14.94,19.0,14.77,0.0034,35.6515,0.7173,1219.0,456.0,10.0,3.2484,46.0,34,1675.0
99,AMBUJACEM,Dec 2020,12.67,20.0,13.65,0.0207,37.8143,0.6173,3515.0,1317.0,12.0,5.7322,151.0,471,4832.0
100,AMBUJACEM,Dec 2021,12.81,21.0,14.64,0.0188,44.2603,0.6407,3302.0,2007.0,14.0,6.3864,45.0,477,5309.0
101,AMBUJACEM,Mar 2024,14.29,19.0,11.43,0.0169,28.2645,0.5081,-3295.0,8941.0,16.0,9.4218,12.0,699,5646.0
120,ASIANPAINT,Mar 2016,12.63,19.0,27.63,0.0495,59.9592,1.3515,1377.0,866.0,18.0,6.7969,41.0,323,2243.0
121,ASIANPAINT,Mar 2016,12.63,19.0,27.63,0.0495,59.9592,1.3515,1377.0,866.0,18.0,6.7969,41.0,323,2243.0
122,ASIANPAINT,Mar 2017,13.38,20.0,26.51,0.0736,90.0541,1.2142,846.0,681.0,20.0,7.9208,51.0,560,1527.0
123,ASIANPAINT,Mar 2017,13.38,20.0,26.51,0.0736,90.0541,1.2142,846.0,681.0,20.0,7.9208,51.0,560,1527.0
124,ASIANPAINT,Mar 2018,12.47,19.0,24.95,0.0634,86.3415,1.2225,557.0,1556.0,21.0,8.7604,41.0,533,2113.0
125,ASIANPAINT,Mar 2018,12.47,19.0,24.95,0.0634,86.3415,1.2225,557.0,1556.0,21.0,8.7604,41.0,533,2113.0
128,ASIANPAINT,Mar 2020,13.73,21.0,27.38,0.1104,44.2353,1.2524,2520.0,518.0,28.0,10.5521,43.0,1118,3038.0
129,ASIANPAINT,Mar 2020,13.73,21.0,27.38,0.1104,44.2353,1.2524,2520.0,518.0,28.0,10.5521,43.0,1118,3038.0
130,ASIANPAINT,Mar 2021,14.77,22.0,25.04,0.0854,56.3913,1.0667,3142.0,541.0,33.0,13.3396,55.0,1093,3683.0
131,ASIANPAINT,Mar 2021,14.77,22.0,25.04,0.0854,56.3913,1.0667,3142.0,541.0,33.0,13.3396,55.0,1093,3683.0
134,ASIANPAINT,Mar 2023,12.16,18.0,26.23,0.1209,46.4653,1.3379,2911.0,1282.0,43.0,16.6583,60.0,1933,4193.0
135,ASIANPAINT,Mar 2023,12.16,18.0,26.23,0.1209,46.4653,1.3379,2911.0,1282.0,43.0,16.6583,60.0,1933,4193.0
136,ASIANPAINT,Mar 2024,15.66,21.0,29.68,0.1321,41.0049,1.1871,3556.0,2548.0,57.0,19.5083,58.0,2474,6104.0
137,ASIANPAINT,Mar 2024,15.66,21.0,29.68,0.1321,41.0049,1.1871,3556.0,2548.0,57.0,19.5083,58.0,2474,6104.0
138,BAJAJ-AUTO,Mar 2013,15.65,18.0,38.85,0.0144,4446.0,1.584,824.0,1394.0,108.0,2.7907,42.0,116,2218.0
139,BAJAJ-AUTO,Mar 2013,15.65,18.0,38.85,0.0144,4446.0,1.584,824.0,1394.0,108.0,2.7907,42.0,116,2218.0
140,BAJAJ-AUTO,Mar 2014,16.79,21.0,33.23999999999999,0.0058,4837.0,1.3155,1430.0,2072.0,117.0,3.518,43.0,59,3502.0
141,BAJAJ-AUTO,Mar 2014,16.79,21.0,33.23999999999999,0.0058,4837.0,1.3155,1430.0,2072.0,117.0,3.518,43.0,59,3502.0
142,BAJAJ-AUTO,Mar 2015,14.01,19.0,27.27,0.0101,726.0,1.3526,1734.0,380.0,105.0,3.8391,48.0,112,2114.0
143,BAJAJ-AUTO,Mar 2015,14.01,19.0,27.27,0.0101,726.0,1.3526,1734.0,380.0,105.0,3.8391,48.0,112,2114.0
144,BAJAJ-AUTO,Mar 2016,17.99,21.0,28.97,0.0084,5987.0,1.3094,3622.0,68.0,140.0,4.8512,39.0,118,3690.0
145,BAJAJ-AUTO,Mar 2016,17.99,21.0,28.97,0.0084,5987.0,1.3094,3622.0,68.0,140.0,4.8512,39.0,118,3690.0
146,BAJAJ-AUTO,Mar 2017,18.75,20.0,22.84,0.0067,5897.0,1.0054,-343.0,3610.0,141.0,6.1785,39.0,120,3267.0
147,BAJAJ-AUTO,Mar 2017,18.75,20.0,22.84,0.0067,5897.0,1.0054,-343.0,3610.0,141.0,6.1785,39.0,120,3267.0
148,BAJAJ-AUTO,Mar 2018,16.74,19.0,20.66,0.0059,6250.0,1.0027,2374.0,1954.0,146.0,7.0675,41.0,121,4328.0
149,BAJAJ-AUTO,Mar 2018,16.74,19.0,20.66,0.0059,6250.0,1.0027,2374.0,1954.0,146.0,7.0675,41.0,121,4328.0
150,BAJAJ-AUTO,Mar 2019,16.23,17.0,21.21,0.0054,1806.5,1.0529,2214.0,273.0,170.0,8.0391,35.0,125,2487.0
151,BAJAJ-AUTO,Mar 2019,16.23,17.0,21.21,0.0054,1806.5,1.0529,2214.0,273.0,170.0,8.0391,35.0,125,2487.0
152,BAJAJ-AUTO,Mar 2020,17.42,17.0,24.06,0.0058,2313.6667,1.1286,5616.0,1766.0,180.0,7.4955,67.0,126,3850.0
153,BAJAJ-AUTO,Mar 2020,17.42,17.0,24.06,0.0058,2313.6667,1.1286,5616.0,1766.0,180.0,7.4955,67.0,126,3850.0
154,BAJAJ-AUTO,Mar 2021,17.51,18.0,17.81,0.0044,929.7143,0.8256,251.0,2869.0,168.0,9.437,83.0,121,3120.0
155,BAJAJ-AUTO,Mar 2021,17.51,18.0,17.81,0.0044,929.7143,0.8256,251.0,2869.0,168.0,9.437,83.0,121,3120.0
156,BAJAJ-AUTO,Mar 2022,18.6,16.0,20.65,0.0041,881.1111,0.944,4473.0,276.0,213.0,10.3318,66.0,123,4197.0
157,BAJAJ-AUTO,Mar 2022,18.6,16.0,20.65,0.0041,881.1111,0.944,4473.0,276.0,213.0,10.3318,66.0,123,4197.0
158,BAJAJ-AUTO,Mar 2023,16.62,18.0,20.64,0.0042,204.2,1.0375,6488.0,1211.0,214.0,10.3753,65.0,124,5277.0
159,BAJAJ-AUTO,Mar 2023,16.62,18.0,20.64,0.0042,204.2,1.0375,6488.0,1211.0,214.0,10.3753,65.0,124,5277.0
160,BAJAJ-AUTO,Mar 2024,17.18,20.0,26.61,0.066,174.4167,1.1405,6486.0,72.0,276.0,10.3806,29.0,1912,6558.0
161,BAJAJ-AUTO,Mar 2024,17.18,20.0,26.61,0.066,174.4167,1.1405,6486.0,72.0,276.0,10.3806,29.0,1912,6558.0
162,AXISBANK,Mar 2013,19.05,1353.0,15.62,8.9346,1.2697,0.0798,-8366.0,10939.0,22.0,7.085,16.0,296254,2573.0
163,AXISBANK,Mar 2014,20.29,2307.0,16.19,8.6801,1.3034,0.0793,298.0,14166.0,26.0,8.1694,15.0,333280,14464.0
164,AXISBANK,Mar 2015,20.74,3097.0,16.37,9.0467,1.3313,0.0759,-23134.0,7972.0,31.0,9.4829,15.0,406638,-15162.0
165,AXISBANK,Mar 2016,20.06,3466.0,15.36,8.8155,1.4273,0.075,-25284.0,9211.0,35.0,11.2283,14.0,472150,-34495.0
171,AXISBANK,Mar 2022,19.33,3170.0,11.01,8.633,1.9688,0.0563,1025.0,27112.0,42.0,19.2607,2.0,1020943,28137.0
173,AXISBANK,Mar 2024,22.73,11952.0,15.83,8.2491,1.6912,0.072,-14556.0,9001.0,81.0,25.4494,1.0,1295302,-5555.0
174,BAJAJFINSV,Mar 2013,27.49,49.0,28.38,1.6651,3.2666,0.1232,-3969.0,2953.0,10.0,9.7525,2.0,12991,-6922.0
175,BAJAJFINSV,Mar 2014,36.38,75.0,23.53,2.0948,2.8771,0.081,-6043.0,3764.0,10.0,11.64,2.0,19507,-9807.0
176,BAJAJFINSV,Mar 2015,21.25,49.0,21.72,2.3728,2.4749,0.1285,-7022.0,3709.0,11.0,13.8613,2.0,26312,-10731.0
177,BAJAJFINSV,Mar 2016,13.51,33.0,20.41,2.6518,2.3424,0.1975,-10681.0,886.0,12.0,16.9988,1.0,36062,-9795.0
178,BAJAJFINSV,Mar 2017,14.08,36.0,21.36,2.9894,2.3447,0.1905,-10771.0,151.0,14.0,20.1887,1.0,48282,-10922.0
179,BAJAJFINSV,Mar 2018,12.71,33.0,20.39,3.2073,2.3812,0.2035,-20502.0,922.0,17.0,25.6038,1.0,65695,-19580.0
180,BAJAJFINSV,Mar 2019,12.61,35.0,22.64,4.2019,2.2591,0.2044,-33979.0,6903.0,20.0,29.675,1.0,99754,-27076.0
182,BAJAJFINSV,Mar 2021,12.16,32.0,20.56,3.5853,2.1171,0.2165,863.0,3684.0,28.0,44.7875,1.0,128461,4547.0
183,BAJAJFINSV,Mar 2022,12.15,31.0,20.66,4.0047,2.229,0.2052,-32225.0,1445.0,29.0,50.3088,1.0,161179,-33670.0
184,BAJAJFINSV,Mar 2023,14.88,36.0,26.31,4.574,2.4127,0.2024,-53425.0,13945.0,40.0,29.1868,2.0,212265,-39480.0
185,BAJAJFINSV,Mar 2024,14.13,37.0,25.85,4.7894,2.1971,0.2054,-79634.0,10960.0,51.0,37.9421,2.0,288933,-68674.0
193,BAJAJHLDNG,Mar 2020,708.05,69.0,11.09,0.0061,258.3846,0.0133,1120.0,800.0,269.0,25.0117,15.0,168,1920.0
194,BAJAJHLDNG,Mar 2021,799.56,77.0,9.83,0.0037,950.75,0.01,-36.0,308.0,328.0,33.4838,12.0,136,272.0
195,BAJAJHLDNG,Mar 2022,852.4800000000001,76.0,9.629999999999999,0.0027,1421.0,0.009,1459.0,151.0,364.0,38.5964,32.0,114,1610.0
196,BAJAJHLDNG,Mar 2023,947.51,73.0,11.19,0.0021,721.8571,0.0098,1591.0,137.0,436.0,39.8036,28.0,93,1728.0
197,BAJAJHLDNG,Mar 2024,432.73,92.0,13.58,0.0012,3764.5,0.0261,1469.0,472.0,653.0,48.8712,20.0,63,1941.0
198,BAJFINANCE,Mar 2015,16.65,1367.0,18.71,5.5531,68.3462,0.1645,-7424.0,360.0,18.0,9.6,10.0,26655,-7064.0
199,BAJFINANCE,Mar 2016,17.52,1986.0,17.22,4.9852,68.0286,0.1554,-10557.0,687.0,24.0,13.7537,10.0,37025,-9870.0
200,BAJFINANCE,Mar 2017,18.42,2867.0,19.13,5.1302,149.0455,0.1564,-13486.0,3047.0,33.0,8.8073,11.0,49250,-10439.0
201,BAJFINANCE,Mar 2018,19.58,3935.0,15.75,4.1997,414.6,0.1503,-19491.0,1075.0,43.0,13.7809,9.0,66557,-20566.0
202,BAJFINANCE,Mar 2019,21.61,6310.0,20.28,5.1575,422.1538,0.1488,-34441.0,5379.0,69.0,17.1278,9.0,101588,-29062.0
203,BAJFINANCE,Mar 2020,19.96,7608.0,16.28,4.0153,1020.8889,0.1604,-33170.0,8758.0,87.0,26.94,11.0,129806,-24412.0
204,BAJFINANCE,Mar 2021,16.57,6314.0,11.97,3.5656,3621.0,0.1556,-1236.0,429.0,73.0,30.765,14.0,131634,-807.0
205,BAJFINANCE,Mar 2022,22.21,9906.0,16.08,3.7799,-700.6471,0.1489,-30743.0,6347.0,116.0,36.1264,17.0,165232,-37090.0
206,BAJFINANCE,Mar 2023,27.79,16018.0,21.17,3.9853,-2546.4,0.1505,-52506.0,10394.0,190.0,44.9355,16.0,216690,-42112.0
207,BAJFINANCE,Mar 2024,26.29,19987.0,18.84,3.8248,2689.1667,0.1463,-79931.0,7171.0,233.0,61.8516,15.0,293346,-72760.0
208,BANKBARODA,Mar 2013,13.25,1006.0,14.51,15.2993,2.4281,0.0651,22682.0,514.0,23.0,7.8681,19.0,509192,23196.0
209,BANKBARODA,Mar 2014,12.45,809.0,13.31,16.3018,2.1694,0.0598,41503.0,730.0,23.0,8.7812,19.0,616973,42233.0
218,BANKBARODA,Mar 2023,15.88,6329.0,14.28,12.7799,2.3495,0.0619,-22450.0,1096.0,29.0,10.1404,19.0,1342592,-21354.0
219,BANKBARODA,Mar 2024,15.94,4102.0,15.76,12.1437,1.8967,0.0715,-7559.0,1285.0,36.0,11.5553,21.0,1453761,-6274.0
232,BEL,Mar 2013,14.52,11.0,15183.33,4.0,184.4286,139.4,214.0,1753.0,1.0,0.3,20.0,24,-1539.0
233,BEL,Mar 2014,14.61,14.0,13600.0,3.0,194.7143,141.6957,190.0,759.0,1.0,0.35,20.0,21,-569.0
234,BEL,Mar 2015,16.88,17.0,17100.0,3.7143,240.8571,144.7551,595.0,839.0,2.0,0.35,20.0,26,1434.0
235,BEL,Mar 2016,18.18,19.0,11141.67,2.0833,196.6,141.4231,790.0,1470.0,2.0,0.1333,31.0,25,2260.0
236,BEL,Mar 2017,17.59,21.0,10153.33,1.9333,122.8889,112.4156,3054.0,3115.0,2.0,0.1667,33.0,29,-61.0
237,BEL,Mar 2018,13.76,20.0,4616.13,1.5484,372.5,85.9587,-693.0,6.0,2.0,0.31,34.0,48,-687.0
238,BEL,Mar 2019,15.51,24.0,3851.02,0.9592,186.375,96.5397,618.0,896.0,3.0,0.4455,44.0,47,1514.0
239,BEL,Mar 2020,14.07,21.0,3318.18,0.8,357.25,106.2951,1921.0,649.0,3.0,0.5,37.0,44,2570.0
240,BEL,Mar 2021,14.88,23.0,3559.32,0.8305,333.9,92.8224,2498.0,2595.0,3.0,0.5364,46.0,49,5093.0
241,BEL,Mar 2022,15.62,22.0,3478.26,0.8406,397.3333,94.2822,-665.0,4872.0,3.0,0.6273,46.0,58,4207.0
242,BEL,Mar 2023,16.84,23.0,3981.33,0.52,230.0526,123.1528,3907.0,2708.0,4.0,0.6818,44.0,39,1199.0
243,BEL,Mar 2024,19.66,25.0,4744.05,0.5119,476.75,125.8882,-1265.0,5924.0,5.0,0.7636,40.0,43,4659.0
244,BHEL,Mar 2013,13.69,19.0,21.91,0.0883,82.9297,0.6809,646.0,1113.0,18.0,6.2345,20.0,2698,1759.0
259,BOSCHLTD,Mar 2016,15.78,19.0,16.06,0.0052,192.3846,0.7803,323.0,995.0,488.0,30.7581,17.0,50,1318.0
267,BOSCHLTD,Mar 2024,14.89,13.0,20.64,0.0032,71.7843,0.9638,1536.0,283.0,844.0,40.2133,44.0,39,1253.0
287,BRITANNIA,Mar 2020,12.02,16.0,31.66,0.3493,27.3506,1.4815,-41.0,1526.0,58.0,18.3458,60.0,1538,1485.0
288,BRITANNIA,Mar 2021,14.09,19.0,52.17,0.5981,25.4234,1.642,2309.0,433.0,77.0,14.7833,204.0,2122,1876.0
290,BRITANNIA,Mar 2023,14.21,17.0,65.53,0.848,20.284,1.7432,1019.0,1507.0,96.0,14.725,75.0,2997,2526.0
291,BRITANNIA,Mar 2024,12.73,19.0,54.15,0.524,20.5976,1.8484,3050.0,477.0,89.0,16.4208,83.0,2065,2573.0
302,CANBK,Mar 2023,13.21,-9877.0,14.53,15.8501,1.6885,0.0622,-41134.0,1156.0,12.0,4.3029,19.0,1237160,-39978.0
303,CANBK,Mar 2024,13.94,-7745.0,16.72,14.8674,1.6107,0.072,13296.0,1750.0,17.0,5.079,19.0,1369780,15046.0
307,CHOLAFIN,Mar 2016,13.64,899.0,15.67,6.1433,643.5,0.1511,-2946.0,137.0,7.0,2.3526,12.0,22546,-2809.0
308,CHOLAFIN,Mar 2017,15.3,1143.0,16.71,5.6005,448.6667,0.1534,-1690.0,222.0,9.0,2.7551,12.0,24071,-1468.0
309,CHOLAFIN,Mar 2018,16.51,1451.0,17.91,7.479,,0.1259,-7986.0,60.0,12.0,3.2853,11.0,38330,-7926.0
310,CHOLAFIN,Mar 2019,16.84,1888.0,19.28,8.1455,1659.0,0.1236,-9328.0,11.0,15.0,3.9795,8.0,50567,-9317.0
311,CHOLAFIN,Mar 2020,12.1,1699.0,12.85,6.7079,,0.136,-2129.0,54.0,13.0,5.0,13.0,55005,-2075.0
312,CHOLAFIN,Mar 2021,15.87,2094.0,15.84,6.6385,52.4107,0.1284,-10594.0,1746.0,19.0,5.8537,11.0,63730,-8848.0
313,CHOLAFIN,Mar 2022,21.23,2924.0,18.3,5.8776,35.1786,0.123,-3931.0,1640.0,26.0,7.1762,8.0,69174,-5571.0
314,CHOLAFIN,Mar 2023,20.68,3515.0,18.58,6.7864,16.5818,0.1134,-29253.0,2148.0,32.0,8.7476,6.0,97358,-27105.0
315,CHOLAFIN,Mar 2024,17.85,4548.0,17.46,6.8634,21.2118,0.1223,-38538.0,2855.0,41.0,11.6625,5.0,134475,-35683.0
316,CIPLA,Mar 2013,18.66,2214.0,17.13,0.1072,24.8653,0.7102,-665.0,2063.0,19.0,5.6019,10.0,967,1398.0
317,CIPLA,Mar 2014,13.8,2147.0,13.97,0.1242,32.0598,0.7592,298.0,1265.0,17.0,6.2429,12.0,1248,1563.0
324,CIPLA,Mar 2021,12.47,4252.0,13.04,0.1099,56.1241,0.7709,1381.0,2374.0,30.0,11.3826,17.0,2014,3755.0
326,CIPLA,Mar 2023,12.45,5027.0,12.1,0.0343,60.5734,0.7766,862.0,2376.0,35.0,14.5385,24.0,803,3238.0
327,CIPLA,Mar 2024,16.12,6291.0,15.55,0.0209,35.3388,0.7922,1152.0,2982.0,51.0,16.5876,25.0,559,4134.0
328,COALINDIA,Mar 2013,25.41,18087.0,35.81,0.0269,5.7406,0.6154,7276.0,1833.0,27.0,0.7674,51.0,1305,9109.0
329,COALINDIA,Mar 2014,21.4,17766.0,35.64,0.0042,7.3744,0.6729,23105.0,8580.0,24.0,0.6714,121.0,178,14525.0
330,COALINDIA,Mar 2015,18.52,17343.0,34.02,0.0101,8.6454,0.6661,15276.0,894.0,22.0,0.6389,95.0,408,14382.0
331,COALINDIA,Mar 2016,18.32,18714.0,40.96,0.0344,9.9631,0.6856,21308.0,8154.0,23.0,0.5515,121.0,1199,13154.0
334,COALINDIA,Mar 2019,17.54,25007.0,66.01,0.0835,12.7878,0.7486,8460.0,7896.0,28.0,0.4293,46.0,2210,16356.0
335,COALINDIA,Mar 2020,17.38,21581.0,51.93,0.2001,11.5646,0.6404,6010.0,1033.0,27.0,0.5218,44.0,6434,4977.0
336,COALINDIA,Mar 2021,14.11,18628.0,34.78,0.1611,19.0858,0.559,10774.0,182.0,21.0,0.5925,78.0,5884,10592.0
337,COALINDIA,Mar 2022,15.84,24721.0,40.28,0.0815,21.9912,0.6114,15392.0,25715.0,28.0,0.7,60.0,3514,41107.0
338,COALINDIA,Mar 2023,22.95,44232.0,52.14,0.0712,14.3372,0.6245,12269.0,23465.0,52.0,0.9872,47.0,4331,35734.0
339,COALINDIA,Mar 2024,26.26,47971.0,45.17,0.0788,11.2418,0.6019,13617.0,4486.0,61.0,1.3424,42.0,6523,18103.0
340,DABUR,Mar 2013,12.48,16.0,36.56,0.5494,18.5085,1.3039,248.0,622.0,4.0,1.204,34.0,1151,870.0
341,DABUR,Mar 2014,12.98,16.0,34.48999999999999,0.2666,23.8519,1.3287,994.0,104.0,5.0,1.5264,33.0,708,1098.0
342,DABUR,Mar 2015,13.7,17.0,31.84,0.2188,36.85,1.2766,171.0,876.0,6.0,1.9057,33.0,734,1047.0
343,DABUR,Mar 2016,16.12,20.0,30.06,0.193,36.1458,1.1223,457.0,730.0,7.0,2.3699,32.0,805,1187.0
344,DABUR,Mar 2017,16.81,20.0,26.41,0.2012,33.4815,0.9847,420.0,807.0,7.0,2.754,31.0,975,1227.0
345,DABUR,Mar 2018,17.59,21.0,23.8,0.1644,36.0,0.8874,551.0,541.0,8.0,3.242,81.0,938,1092.0
346,DABUR,Mar 2019,16.98,20.0,25.67,0.1241,32.7,1.0092,1837.0,338.0,8.0,3.1819,34.0,699,1499.0
347,DABUR,Mar 2020,16.67,21.0,21.92,0.079,39.94,0.9302,1097.0,517.0,8.0,3.7322,37.0,522,1614.0
348,DABUR,Mar 2021,17.73,21.0,22.12,0.0664,75.0645,0.8827,711.0,1404.0,10.0,4.3299,50.0,509,2115.0
349,DABUR,Mar 2022,16.0,21.0,20.78,0.1229,65.641,0.8864,529.0,1273.0,10.0,4.7356,53.0,1030,1802.0
350,DABUR,Mar 2023,14.75,19.0,18.96,0.1308,33.4231,0.8446,905.0,583.0,10.0,5.0695,54.0,1174,1488.0
351,DABUR,Mar 2024,14.6,19.0,18.36,0.1384,23.2419,0.8206,1042.0,971.0,10.0,5.574,53.0,1365,2013.0
352,DIVISLAB,Mar 2013,28.07,38.0,24.07,0.0132,287.0,0.6833,225.0,255.0,23.0,9.263,33.0,33,480.0
353,DIVISLAB,Mar 2014,30.53,40.0,26.08,0.0061,362.0,0.6825,252.0,305.0,29.0,10.9778,34.0,18,557.0
354,DIVISLAB,Mar 2015,27.35,38.0,24.37,0.0077,403.6667,0.7072,305.0,521.0,32.0,12.9481,31.0,27,826.0
355,DIVISLAB,Mar 2016,29.82,38.0,26.23,0.0098,303.2,0.7709,632.0,406.0,42.0,8.1,24.0,42,1038.0
356,DIVISLAB,Mar 2017,26.08,36.0,19.79,0.0067,507.3333,0.6603,10.0,1140.0,40.0,10.1075,25.0,36,1150.0
357,DIVISLAB,Mar 2018,22.54,33.0,14.8,0.0106,688.0,0.5735,298.0,478.0,33.0,11.1792,30.0,63,776.0
358,DIVISLAB,Mar 2019,27.36,38.0,19.45,0.0152,405.6,0.6155,269.0,685.0,51.0,13.1264,31.0,106,954.0
359,DIVISLAB,Mar 2020,25.53,34.0,18.84,0.0053,287.4286,0.6323,1133.0,83.0,52.0,13.7925,31.0,39,1216.0
360,DIVISLAB,Mar 2021,28.47,41.0,21.34,0.0005,1462.0,0.647,2022.0,75.0,75.0,17.5377,27.0,5,1947.0
361,DIVISLAB,Mar 2022,33.04000000000001,43.0,25.24,0.0003,1998.5,0.6707,-283.0,2195.0,112.0,22.1283,27.0,4,1912.0
362,DIVISLAB,Mar 2023,23.48,31.0,14.29,0.0003,1357.0,0.5384,-248.0,2707.0,69.0,24.0887,44.0,4,2459.0
369,DLF,Mar 2018,66.75,35.0,12.68,0.4953,4.1003,0.1107,-1832.0,2102.0,25.0,9.891,8.0,17491,270.0
370,DLF,Mar 2019,15.71,26.0,3.91,0.5129,1.4219,0.1258,2046.0,3.0,6.0,7.6136,33.0,17222,2043.0
372,DLF,Mar 2021,20.0,27.0,3.06,0.1948,2.1712,0.1012,1610.0,150.0,4.0,7.1402,45.0,6886,1460.0
373,DLF,Mar 2022,26.24,30.0,4.130000000000001,0.115,3.1008,0.1117,3099.0,267.0,6.0,7.3459,49.0,4182,2832.0
374,DLF,Mar 2023,35.72,30.0,5.4,0.0885,5.2117,0.1083,1914.0,461.0,8.0,7.6135,49.0,3334,2375.0
375,DLF,Mar 2024,42.38,33.0,6.909999999999999,0.1226,7.4579,0.1088,1010.0,1529.0,11.0,7.9659,45.0,4834,2539.0
388,DRREDDY,Mar 2013,12.9,23.0,23.98,0.5781,28.15,0.8844,-59.0,1437.0,18.0,7.4929,17.0,3682,1378.0
389,DRREDDY,Mar 2014,14.63,24.0,24.96,0.5692,26.937,0.8434,366.0,1604.0,23.0,9.2529,16.0,4477,1970.0
390,DRREDDY,Mar 2015,15.55,23.0,23.71,0.4378,34.8889,0.8139,154.0,2370.0,27.0,11.5918,15.0,4314,2524.0
391,DRREDDY,Mar 2016,13.69,23.0,16.95,0.2667,46.747,0.7658,1653.0,1610.0,25.0,14.7871,16.0,3352,3263.0
394,DRREDDY,Mar 2019,12.62,21.0,13.9,0.2737,39.9888,0.6891,2101.0,769.0,23.0,16.8964,17.0,3838,2870.0
398,DRREDDY,Mar 2023,18.27,26.0,19.35,0.0578,52.035,0.7659,1779.0,4109.0,54.0,28.0554,15.0,1347,5888.0
399,DRREDDY,Mar 2024,19.91,28.0,19.74,0.0709,51.7076,0.7223,509.0,4034.0,67.0,34.041,12.0,2002,4543.0
403,EICHERMOT,Mar 2016,21.68,27.0,36.63,0.0063,1008.0,1.2498,462.0,1001.0,49.0,13.5296,20.0,23,1463.0
404,EICHERMOT,Mar 2017,23.7,31.0,31.19,0.021,647.5,1.0034,-36.0,1744.0,61.0,19.7963,16.0,112,1708.0
405,EICHERMOT,Mar 2018,21.86,31.0,27.88,0.0215,669.0,0.9415,337.0,2145.0,72.0,26.037,15.0,151,2482.0
406,EICHERMOT,Mar 2019,22.49,30.0,24.7,0.021,515.0,0.8604,915.0,660.0,81.0,33.0296,15.0,187,1575.0
407,EICHERMOT,Mar 2020,19.96,24.0,18.3,0.0249,145.0,0.7353,186.0,1508.0,67.0,36.9667,19.0,249,1694.0
408,EICHERMOT,Mar 2021,15.45,20.0,11.78,0.0191,141.5625,0.5989,66.0,1625.0,49.0,42.363,34.0,219,1691.0
409,EICHERMOT,Mar 2022,16.28,21.0,13.3,0.0086,140.7368,0.638,544.0,983.0,61.0,46.6963,34.0,108,1527.0
410,EICHERMOT,Mar 2023,20.18,24.0,19.44,0.0192,155.5,0.7523,426.0,2397.0,107.0,55.5185,35.0,288,2823.0
411,EICHERMOT,Mar 2024,24.2,26.0,22.17,0.0232,114.7059,0.7154,890.0,2834.0,146.0,66.8333,35.0,419,3724.0
419,GAIL,Mar 2020,13.12,12.0,19.31,0.1403,41.4822,0.9678,46.0,8299.0,14.0,1.0924,31.0,6912,8345.0
421,GAIL,Mar 2022,13.26,16.0,19.19,0.1437,89.5347,0.9605,3930.0,5490.0,18.0,1.444,36.0,9216,9420.0
424,GODREJCP,Mar 2013,13.18,16.0,25.51,0.7413,13.6667,0.8333,-45.0,865.0,8.0,9.7441,22.0,2456,820.0
428,GODREJCP,Mar 2017,14.11,21.0,24.67,0.7546,12.8766,0.7162,-383.0,2243.0,13.0,15.5941,39.0,4001,1860.0
429,GODREJCP,Mar 2018,16.59,21.0,26.11,0.5606,13.6821,0.7103,1387.0,336.0,16.0,9.2029,42.0,3508,1723.0
430,GODREJCP,Mar 2019,22.71,21.0,32.23,0.4654,10.479,0.7318,2003.0,274.0,23.0,7.1245,44.0,3382,1729.0
431,GODREJCP,Mar 2020,15.1,22.0,18.95,0.4526,9.5877,0.6661,1036.0,552.0,15.0,7.7431,55.0,3575,1588.0
432,GODREJCP,Mar 2021,15.6,22.0,18.23,0.1975,17.5507,0.7743,1738.0,292.0,17.0,9.2539,0.0,1864,2030.0
433,GODREJCP,Mar 2022,14.52,20.0,15.43,0.1475,20.3852,0.7633,607.0,844.0,17.0,11.3294,0.0,1704,1451.0
434,GODREJCP,Mar 2023,12.78,18.0,12.34,0.0819,13.6011,0.7637,397.0,1754.0,17.0,13.5235,0.0,1130,2151.0
436,GRASIM,Mar 2013,13.54,21.0,19.22,0.4858,20.8272,0.6325,-1445.0,5687.0,57.0,21.3663,8.0,9550,4242.0
452,HAL,Mar 2021,14.16,23.0,2249.31,0.0417,21.3521,123.0215,13934.0,1190.0,48.0,2.88,31.0,6,15124.0
453,HAL,Mar 2022,20.66,22.0,3324.18,0.0784,98.5538,121.8812,-2609.0,12789.0,76.0,3.06,26.0,12,10180.0
454,HAL,Mar 2023,21.58,25.0,3283.05,0.2655,130.3281,99.3653,3102.0,5734.0,87.0,3.54,32.0,47,8836.0
455,HAL,Mar 2024,25.0,32.0,3816.58,0.6181,270.8837,67.5133,1814.0,6412.0,114.0,3.98,31.0,123,8226.0
459,HAVELLS,Mar 2016,17.12,10.0,42.95,0.0443,19.1758,1.731,392.0,121.0,21.0,4.8823,29.0,134,513.0
468,HCLTECH,Jun 2013,15.79,22.0,30.69,0.0793,56.717,1.1421,2131.0,2361.0,14.0,9.4705,21.0,1044,4492.0
469,HCLTECH,Jun 2014,20.31,25.0,33.39,0.0521,76.4211,1.0722,1615.0,4842.0,23.0,13.9643,11.0,1018,6457.0
470,HCLTECH,Jun 2015,20.0,23.0,30.31,0.0268,105.6264,1.0413,3451.0,2088.0,26.0,8.6206,58.0,648,5539.0
471,HCLTECH,Mar 2017,18.09,22.0,26.12,0.0177,128.7528,1.0395,5105.0,3890.0,30.0,11.5611,40.0,582,8995.0
472,HCLTECH,Mar 2018,17.25,22.0,23.97,0.0153,180.8116,1.0538,6092.0,2236.0,31.0,13.0885,19.0,557,8328.0
473,HCLTECH,Mar 2019,16.75,23.0,24.46,0.1014,85.454,1.0356,5715.0,3256.0,37.0,15.2642,11.0,4195,8971.0
474,HCLTECH,Mar 2020,15.64,24.0,21.57,0.1558,35.4554,0.8534,1027.0,12332.0,41.0,9.4414,25.0,7986,13359.0
475,HCLTECH,Mar 2021,14.82,27.0,18.64,0.1146,41.047,0.876,13953.0,5665.0,41.0,11.0337,24.0,6864,19618.0
476,HCLTECH,Mar 2022,15.79,24.0,21.84,0.1024,67.6991,0.9632,18497.0,1597.0,50.0,11.4022,84.0,6343,16900.0
477,HCLTECH,Mar 2023,14.63,22.0,22.7,0.0733,67.949,1.088,14436.0,3573.0,55.0,12.0451,88.0,4794,18009.0
478,HCLTECH,Mar 2024,14.29,22.0,23.01,0.0844,46.4611,1.1102,15840.0,6608.0,58.0,12.5715,90.0,5758,22448.0
479,HDFCBANK,Mar 2013,19.25,3534.0,18.84,9.1583,1.7722,0.088,-6749.0,902.0,14.0,7.6981,19.0,335588,-5847.0
480,HDFCBANK,Mar 2014,20.6,5602.0,19.85,9.4341,1.6294,0.0845,3112.0,1099.0,18.0,9.2015,19.0,416677,4211.0
481,HDFCBANK,Mar 2015,21.12,7214.0,16.95,8.0717,1.6947,0.0835,-22081.0,800.0,21.0,12.6056,19.0,509762,-21281.0
482,HDFCBANK,Mar 2016,20.3,9037.0,17.25,8.7423,1.79,0.0829,-35272.0,837.0,25.0,14.6846,19.0,649587,-34435.0
483,HDFCBANK,Mar 2017,20.9,11374.0,16.69,8.0784,1.8498,0.0821,16136.0,1146.0,30.0,17.8936,18.0,741550,17282.0
484,HDFCBANK,Mar 2018,21.76,13374.0,16.94,8.6207,1.8402,0.0773,16372.0,842.0,36.0,21.1173,18.0,944817,17214.0
485,HDFCBANK,Mar 2019,21.34,16592.0,14.61,7.0294,1.8405,0.0813,-64375.0,1503.0,41.0,28.1969,18.0,1080235,-62872.0
486,HDFCBANK,Mar 2020,22.34,14593.0,15.48,7.5587,1.8277,0.0773,-18272.0,1403.0,50.0,32.1821,5.0,1333041,-16869.0
487,HDFCBANK,Mar 2021,24.78,16848.0,15.18,7.2037,1.9197,0.0714,40653.0,1823.0,58.0,38.078,11.0,1511418,42476.0
488,HDFCBANK,Mar 2022,28.07,20795.0,15.43,7.217,1.7813,0.064,-14011.0,2051.0,69.0,44.5634,23.0,1784970,-11960.0
489,HDFCBANK,Mar 2023,27.03,29932.0,15.94,7.3909,1.8595,0.0675,17822.0,2992.0,82.0,51.8706,23.0,2139212,20814.0
490,HDFCBANK,Mar 2024,23.07,-44685.0,14.34,6.8088,1.4008,0.0704,35669.0,16600.0,84.0,60.0521,23.0,3107503,19069.0
506,HEROMOTOCO,Mar 2017,12.39,4585.0,34.37,0.0253,28.9651,1.8685,2035.0,1972.0,179.0,25.79,47.0,261,4007.0
509,HEROMOTOCO,Mar 2020,12.51,4070.0,25.4,0.0314,17.5718,1.4869,2699.0,2819.0,182.0,36.015,49.0,453,5518.0
526,HINDUNILVR,Mar 2013,14.22,4220.0,134.0,0.0087,20.3028,2.2332,3668.0,63.0,18.0,1.3264,104.0,25,3605.0
527,HINDUNILVR,Mar 2014,13.53,4759.0,111.85,0.013,30.923,2.1255,3343.0,475.0,18.0,1.6375,71.0,46,3818.0
528,HINDUNILVR,Mar 2015,13.69,5412.0,108.67,0.0107,21.3128,2.2157,3430.0,138.0,20.0,1.8644,74.0,43,3292.0
529,HINDUNILVR,Mar 2016,12.9,5910.0,63.14999999999999,0.0269,54.1029,2.1758,3889.0,282.0,19.0,3.0431,83.0,177,4171.0
530,HINDUNILVR,Mar 2017,13.54,6328.0,66.58,0.0411,44.3119,2.1114,4012.0,1173.0,21.0,3.1222,82.0,277,5185.0
532,HINDUNILVR,Mar 2019,15.42,8880.0,77.03,0.0126,94.5745,2.1102,5362.0,438.0,28.0,3.6421,78.0,99,5800.0
535,HINDUNILVR,Mar 2022,16.95,12857.0,18.12,0.0213,180.8858,0.7439,7320.0,1728.0,38.0,20.877,90.0,1043,9048.0
536,HINDUNILVR,Mar 2023,16.74,14147.0,20.16,0.0242,103.6964,0.829,8507.0,1484.0,43.0,21.406,91.0,1219,9991.0
537,HINDUNILVR,Mar 2024,16.61,14659.0,20.07,0.029,57.847,0.7886,10145.0,5324.0,44.0,21.7949,96.0,1484,15469.0
538,ICICIBANK,Mar 2013,22.57,-15085.0,14.73,7.0919,1.0795,0.0665,-1069.0,18563.0,15.0,5.9587,24.0,487659,17494.0
539,ICICIBANK,Mar 2014,23.6,-13084.0,15.28,7.1053,1.0911,0.0662,-8985.0,15750.0,17.0,6.6173,24.0,543055,6765.0
540,ICICIBANK,Mar 2015,23.55,-16120.0,15.28,7.0504,1.0989,0.0665,-25448.0,13175.0,19.0,7.3022,24.0,597207,-12273.0
541,ICICIBANK,Mar 2016,18.43,-26955.0,11.61,7.1347,1.24,0.0645,11585.0,12060.0,16.0,8.0921,29.0,671455,23645.0
542,ICICIBANK,Mar 2017,18.61,-37737.0,10.84,6.6985,1.2158,0.0618,50925.0,1711.0,16.0,8.9813,14.0,700874,52636.0
543,ICICIBANK,Mar 2018,14.64,-44906.0,8.23,7.3687,1.2804,0.0553,-31168.0,50551.0,12.0,8.6026,12.0,815198,19383.0
545,ICICIBANK,Mar 2020,13.23,-45190.0,9.13,8.2518,1.3134,0.0616,37470.0,42095.0,15.0,9.495,0.0,1014636,79565.0
546,ICICIBANK,Mar 2021,22.84,-44805.0,12.92,7.0046,1.2644,0.0567,74384.0,63631.0,27.0,11.3946,8.0,1103840,138015.0
547,ICICIBANK,Mar 2022,27.82,-26558.0,14.58,6.8824,1.3,0.0544,18663.0,39448.0,36.0,13.0973,14.0,1252968,58111.0
548,ICICIBANK,Mar 2023,29.29,-17341.0,16.53,6.5264,1.3492,0.0618,-71460.0,67689.0,49.0,15.3542,16.0,1399894,-3771.0
549,ICICIBANK,Mar 2024,28.89,-14152.0,17.99,6.4456,1.3009,0.0675,12547.0,144737.0,63.0,18.2309,16.0,1651008,157284.0
555,ICICIGI,Mar 2018,12.47,-262.0,18.98,0.1068,4.5698,0.2323,494.0,1896.0,19.0,1.0002,17.0,485,2390.0
558,ICICIGI,Mar 2021,12.11,2072.0,19.38,0.0638,842.25,0.3095,407.0,1367.0,32.0,1.6701,25.0,485,1774.0
574,INDUSINDBK,Mar 2013,15.19,286.0,13.91,8.3324,1.4314,0.0953,-660.0,174.0,20.0,1.4589,15.0,63576,-486.0
575,INDUSINDBK,Mar 2014,17.06,335.0,15.57,8.3229,1.3533,0.0948,-4280.0,174.0,27.0,1.7192,13.0,75264,-4106.0
576,INDUSINDBK,Mar 2015,18.51,288.0,16.85,8.9019,1.2308,0.0867,-1697.0,276.0,34.0,2.0121,12.0,94752,-1421.0
577,INDUSINDBK,Mar 2016,19.26,329.0,12.92,6.6679,1.2712,0.0831,-3185.0,258.0,38.0,2.9741,12.0,117996,-2927.0
578,INDUSINDBK,Mar 2017,19.91,379.0,13.89,7.2182,1.3635,0.0806,11284.0,285.0,48.0,3.4525,13.0,149026,11569.0
579,INDUSINDBK,Mar 2018,20.87,942.0,15.13,7.9664,1.3811,0.078,-20917.0,217.0,60.0,3.9735,12.0,189928,-20700.0
580,INDUSINDBK,Mar 2019,14.83,-437.0,12.37,9.0755,1.6435,0.0801,-7022.0,633.0,55.0,4.4255,14.0,242189,-6389.0
581,INDUSINDBK,Mar 2020,15.35,-553.0,12.73,7.5718,1.814,0.0937,-11513.0,526.0,64.0,5.001,0.0,262793,-12039.0
583,INDUSINDBK,Mar 2022,14.96,-839.0,9.67,7.1493,2.1594,0.0767,16249.0,351.0,60.0,6.1546,14.0,341005,16600.0
584,INDUSINDBK,Mar 2023,20.32,2067.0,13.53,7.0567,1.9019,0.0794,-12879.0,441.0,95.0,7.0389,15.0,385449,-12438.0
585,INDUSINDBK,Mar 2024,19.56,2978.0,14.25,6.8857,1.8795,0.0888,-17468.0,625.0,115.0,8.0716,14.0,432404,-16843.0
593,INFY,Mar 2020,18.33,25.0,25.42,0.0708,147.4706,0.989,16672.0,331.0,39.0,3.0844,45.0,4633,17003.0
594,INFY,Mar 2021,19.33,28.0,25.44,0.0697,154.3077,0.9345,15851.0,7373.0,45.0,3.5947,59.0,5325,23224.0
595,INFY,Mar 2022,18.21,26.0,29.39,0.0726,168.93,1.0421,17400.0,6485.0,53.0,3.5915,59.0,5474,23885.0
596,INFY,Mar 2023,16.43,24.0,31.97,0.1101,133.2077,1.1779,21396.0,1071.0,58.0,3.6446,73.0,8299,22467.0
597,INFY,Mar 2024,17.08,24.0,29.79,0.0949,87.5234,1.1298,20117.0,5093.0,63.0,4.2548,,8359,25210.0
616,IRCTC,Mar 2021,24.07,24.0,12.84,0.0543,39.0,0.2464,-205.0,453.0,2.0,0.91,43.0,79,248.0
617,IRCTC,Mar 2022,35.13,47.0,35.29,0.0561,86.0,0.4838,282.0,242.0,8.0,1.1687,42.0,105,524.0
618,IRCTC,Mar 2023,28.41,36.0,40.6,0.0339,89.0,0.6958,495.0,317.0,13.0,1.5488,44.0,84,812.0
619,IRCTC,Mar 2024,26.02,34.0,34.4,0.0186,82.7368,0.701,667.0,215.0,14.0,2.0187,47.0,60,882.0
622,IRFC,Mar 2018,22.18,100.0,14.75,9.6213,1.3905,0.0574,-28074.0,2.0,3.0,0.2134,18.0,134006,-28076.0
623,IRFC,Mar 2019,20.25,100.0,9.01,6.9495,1.3546,0.0539,-41747.0,1.0,2.0,0.2668,18.0,173933,-41748.0
624,IRFC,Mar 2020,23.78,100.0,10.54,7.7355,1.3141,0.0487,-62700.0,1.0,3.0,0.255,0.0,234377,-62701.0
625,IRFC,Mar 2021,28.0,99.0,12.3,8.9977,1.3933,0.0415,-89907.0,0.0,3.0,0.2748,31.0,323145,-89907.0
626,IRFC,Mar 2022,30.0,99.0,14.85,9.4748,1.4337,0.0451,-64417.0,5.0,5.0,0.3137,30.0,388440,-64412.0
627,IRFC,Mar 2023,26.0,99.0,13.8,9.3761,1.3543,0.0484,-28588.0,0.0,5.0,0.3419,32.0,418935,-28588.0
628,IRFC,Mar 2024,24.06,100.0,13.04,8.3784,1.3195,0.0549,7906.0,8.0,5.0,0.3763,31.0,412039,7914.0
629,ITC,Mar 2013,24.37,35.0,33.27,0.0044,111.787,0.895,3221.0,3881.0,6.0,2.9314,55.0,102,7102.0
630,ITC,Mar 2014,25.49,37.0,33.05,0.0089,484.3448,0.8643,4090.0,3254.0,7.0,3.426,54.0,242,7344.0
631,ITC,Mar 2015,25.19,37.0,30.81,0.0085,170.1209,0.8447,4568.0,5275.0,8.0,3.9571,52.0,269,9843.0
632,ITC,Mar 2016,24.24,37.0,22.26,0.002,205.3077,0.7588,5878.0,3921.0,8.0,5.3019,73.0,84,9799.0
633,ITC,Mar 2017,24.5,36.0,22.57,0.001,351.6122,0.7651,7376.0,3251.0,8.0,3.82,56.0,46,10627.0
634,ITC,Mar 2018,26.45,38.0,21.89,0.0007,163.1391,0.6763,6055.0,7114.0,9.0,4.3041,56.0,36,13169.0
635,ITC,Mar 2019,26.55,38.0,21.7,0.0002,290.3803,0.6738,7037.0,5546.0,10.0,4.8239,56.0,13,12583.0
636,ITC,Mar 2020,31.57,39.0,23.89,0.0042,268.6543,0.6388,8516.0,6174.0,12.0,5.3111,82.0,277,14690.0
637,ITC,Mar 2021,27.17,35.0,22.18,0.0045,338.6552,0.6678,18267.0,5740.0,11.0,4.9023,101.0,271,12527.0
638,ITC,Mar 2022,25.56,34.0,24.82,0.004,375.55,0.7856,13538.0,2238.0,12.0,5.0694,93.0,249,15776.0
639,ITC,Mar 2023,27.46,36.0,28.16,0.0044,356.4359,0.8263,13146.0,5732.0,15.0,5.5636,100.0,306,18878.0
640,ITC,Mar 2024,29.28,37.0,27.85,0.0041,362.9625,0.7723,18742.0,1563.0,16.0,5.9701,84.0,303,17179.0
641,JINDALSTEL,Mar 2013,14.9,31.0,13.89,1.1584,6.0347,0.347,-6069.0,9591.0,31.0,22.8516,5.0,24618,3522.0
649,JINDALSTEL,Mar 2021,12.34,32.0,13.41,0.9401,4.085,0.4442,10077.0,1884.0,36.0,31.1912,0.0,29910,11961.0
650,JINDALSTEL,Mar 2022,13.22,30.0,18.99,0.379,7.2431,0.6676,13717.0,2331.0,56.0,35.2723,5.0,13502,16048.0
653,JIOFIN,Mar 2023,68.89,88.0,0.03,0.0065,,0.0004,945.0,1110.0,,5706.0,0.0,743,2055.0
657,JSWENERGY,Mar 2015,14.53,39.0,18.06,1.2362,3.3597,0.4813,2972.0,422.0,8.0,0.4584,24.0,9294,3394.0
658,JSWENERGY,Mar 2016,14.86,41.0,15.05,1.5315,2.9166,0.3442,266.0,3272.0,9.0,0.5964,22.0,14862,3538.0
662,JSWENERGY,Mar 2020,13.07,36.0,9.28,0.8449,3.1713,0.3318,2383.0,301.0,7.0,0.7093,15.0,9840,2082.0
664,JSWENERGY,Mar 2022,21.34,44.0,10.01,0.5135,5.3372,0.2676,1565.0,1387.0,11.0,1.0619,19.0,8943,2952.0
665,JSWENERGY,Mar 2023,14.32,32.0,7.94,1.3447,4.6872,0.2134,-4694.0,6778.0,9.0,1.1352,22.0,25051,2084.0
666,JSWENERGY,Mar 2024,15.02,47.0,8.28,1.5156,2.8514,0.1988,-1963.0,8197.0,10.0,1.2695,19.0,31573,6234.0
676,JSWSTEEL,Mar 2022,14.3,27.0,31.11,1.0734,8.1952,0.7449,11522.0,14748.0,85.0,22.3578,25.0,72237,26270.0
679,KOTAKBANK,Mar 2013,20.65,-1789.0,14.66,5.6043,1.2883,0.0936,-6157.0,9035.0,15.0,4.093,2.0,85561,2878.0
680,KOTAKBANK,Mar 2014,21.08,-1379.0,13.24,4.5031,1.333,0.0981,7938.0,1130.0,16.0,4.9569,2.0,85937,9068.0
681,KOTAKBANK,Mar 2015,23.31,-3366.0,14.01,4.7056,1.189,0.0897,-2165.0,4467.0,20.0,5.7399,2.0,104258,2302.0
682,KOTAKBANK,Mar 2016,17.27,-2263.0,10.56,5.3854,1.5109,0.0847,2672.0,2353.0,19.0,3.6384,3.0,179679,5025.0
683,KOTAKBANK,Mar 2017,22.48,-3965.0,13.04,5.3318,1.2705,0.0808,7933.0,5289.0,27.0,4.1839,2.0,205230,13222.0
684,KOTAKBANK,Mar 2018,24.9,-4141.0,12.4,4.9485,1.2271,0.0744,-15867.0,5475.0,33.0,5.2978,2.0,249840,-10392.0
685,KOTAKBANK,Mar 2019,24.15,-5114.0,12.47,5.0495,1.2225,0.0755,-1501.0,3323.0,38.0,6.0567,2.0,291763,1822.0
686,KOTAKBANK,Mar 2020,25.67,-5005.0,12.9,4.8993,1.3357,0.0755,33551.0,13068.0,45.0,6.9631,0.0,326477,46619.0
687,KOTAKBANK,Mar 2021,30.44,-9958.0,11.85,3.8785,1.2626,0.0685,-6291.0,11172.0,50.0,8.5105,2.0,327110,4881.0
688,KOTAKBANK,Mar 2022,35.83,-8512.0,12.51,3.7837,1.2299,0.0617,-2595.0,10903.0,61.0,9.7445,2.0,365747,8308.0
689,KOTAKBANK,Mar 2023,35.41,-5746.0,13.35,3.7456,1.2878,0.0679,-11623.0,10381.0,75.0,11.2602,2.0,418807,-1242.0
690,KOTAKBANK,Mar 2024,32.39,-13382.0,14.01,4.0037,1.2364,0.0733,6766.0,8919.0,92.0,13.0757,2.0,520374,15685.0
700,LODHA,Mar 2019,13.81,27.0,42.8,6.6756,5.7236,0.2388,-638.0,175.0,21.0,0.9699,0.0,25641,-463.0
703,LODHA,Mar 2022,13.08,24.0,9.98,0.953,3.6032,0.2404,3137.0,1139.0,12.0,2.5116,20.0,11537,1998.0
705,LODHA,Mar 2024,15.06,26.0,8.9,0.4407,5.6286,0.2186,-435.0,2947.0,16.0,1.7574,,7698,2512.0
718,LTIM,Mar 2013,14.59,23.0,41.97,0.1748,42.4762,1.6542,384.0,224.0,174.0,8.3688,54.0,234,608.0
719,LTIM,Mar 2014,20.24,23.0,61.86000000000001,0.0683,44.0,1.8455,808.0,180.0,309.0,10.0625,55.0,110,628.0
720,LTIM,Mar 2015,15.45,20.0,37.96,0.1076,110.4,1.6716,539.0,103.0,238.0,12.6625,63.0,218,642.0
721,LTIM,Mar 2016,14.3,18.0,39.34,0.0259,202.5,1.8636,818.0,40.0,49.0,12.5,72.0,55,858.0
725,LTIM,Mar 2020,13.97,19.0,28.13,0.1688,28.4096,1.2341,1001.0,643.0,87.0,31.7882,32.0,912,1644.0
726,LTIM,Mar 2021,15.67,22.0,26.53,0.1093,37.962,1.1554,743.0,1657.0,111.0,40.5778,36.0,798,2400.0
727,LTIM,Mar 2022,15.13,20.0,27.65,0.0181,48.9024,1.2692,1608.0,1643.0,225.0,47.6267,41.0,258,3251.0
728,LTIM,Mar 2023,13.29,18.0,26.58,0.0929,44.4333,1.4132,2824.0,271.0,149.0,55.3067,40.0,1541,3095.0
729,LTIM,Mar 2024,12.91,18.0,22.9,0.1035,31.9324,1.2895,1752.0,3918.0,155.0,66.7267,42.0,2071,5670.0
774,NAUKRI,Mar 2021,125.71,7.0,26.28,0.012,150.7273,0.1793,-1767.0,2043.0,110.0,4.1829,7.0,65,276.0
775,NAUKRI,Mar 2022,810.6999999999999,28.0,74.71,0.0037,1296.0,0.0776,-470.0,1177.0,991.0,13.3659,1.0,64,707.0
777,NAUKRI,Mar 2024,23.46,28.0,1.97,0.0081,28.9714,0.0703,-150.0,852.0,44.0,23.4589,49.0,246,702.0
778,NESTLEIND,Dec 2013,12.27,21.0,47.17,0.5021,55.2703,1.4414,1355.0,441.0,12.0,2.4667,42.0,1189,1796.0
779,NESTLEIND,Dec 2014,12.02,21.0,41.77,0.007,151.8571,1.6933,1212.0,432.0,12.0,2.9552,51.0,20,1644.0
782,NESTLEIND,Dec 2017,12.24,21.0,35.82,0.0102,24.7174,1.3595,1687.0,131.0,13.0,3.5625,68.0,35,1818.0
783,NESTLEIND,Dec 2018,14.23,23.0,43.75,0.0095,25.6875,1.3961,2000.0,52.0,17.0,3.826,69.0,35,2052.0
784,NESTLEIND,Dec 2019,15.91,24.0,102.61,0.0985,24.5969,1.7244,2378.0,83.0,20.0,1.9979,168.0,189,2295.0
785,NESTLEIND,Dec 2020,15.6,24.0,103.12,0.0728,20.4146,1.6899,2133.0,321.0,22.0,2.1031,93.0,147,2454.0
786,NESTLEIND,Dec 2021,14.37,24.0,108.84,0.1367,17.0792,1.7903,316.0,1920.0,22.0,2.0271,91.0,266,2236.0
787,NESTLEIND,Dec 2022,14.15,22.0,97.23,0.1102,24.6,1.8818,2345.0,392.0,25.0,2.5615,89.0,271,2737.0
788,NESTLEIND,Dec 2023,15.68,23.0,121.96,0.1102,38.5462,2.1301,2465.0,927.0,31.0,2.5615,56.0,271,3392.0
789,NESTLEIND,Mar 2024,16.12,24.0,117.75,0.1033,41.1862,2.3182,2938.0,1237.0,41.0,3.4792,79.0,345,4175.0
790,NHPC,Mar 2013,45.02,65.0,9.64,0.6827,9.4059,0.1023,1516.0,1330.0,2.0,0.2422,28.0,20340,2846.0
791,NHPC,Mar 2014,22.1,59.0,5.779999999999999,0.7371,4.3483,0.1203,2702.0,1122.0,1.0,0.2551,27.0,20819,3824.0
792,NHPC,Mar 2015,34.03,62.0,9.1,0.6692,5.1937,0.1338,3293.0,768.0,2.0,0.2778,27.0,20584,4061.0
793,NHPC,Mar 2016,28.31,57.0,7.470000000000001,0.6301,5.1353,0.133,5225.0,746.0,2.0,0.2858,81.0,19938,5971.0
794,NHPC,Mar 2017,40.36,57.0,11.99,0.6627,6.2921,0.1433,6465.0,1864.0,3.0,0.2828,61.0,19227,8329.0
795,NHPC,Mar 2018,35.91,55.0,9.27,0.6192,5.8799,0.1232,3810.0,886.0,2.0,0.2928,57.0,18602,4696.0
796,NHPC,Mar 2019,31.57,55.0,9.21,0.6191,7.4933,0.1346,2642.0,1182.0,3.0,0.3066,56.0,19066,3824.0
797,NHPC,Mar 2020,33.42,54.0,10.66,0.7401,6.5644,0.1404,6.0,2987.0,3.0,0.3124,52.0,23226,2993.0
798,NHPC,Mar 2021,37.31,55.0,10.89,0.7069,11.0295,0.1319,3463.0,1607.0,3.0,0.329,49.0,23365,5070.0
799,NHPC,Mar 2022,41.27,44.0,10.81,0.7473,8.5222,0.1183,1506.0,3084.0,4.0,0.3476,52.0,26096,4590.0
800,NHPC,Mar 2023,40.17,58.0,11.53,0.7992,14.5832,0.123,514.0,4191.0,4.0,0.368,48.0,29540,4705.0
801,NHPC,Mar 2024,41.82,50.0,10.41,0.8413,11.2434,0.1032,970.0,5968.0,4.0,0.3853,53.0,32561,6938.0
802,NTPC,Mar 2013,17.6,25.0,15.49,0.8668,9.2035,0.4,-337.0,16845.0,13.0,0.9853,38.0,70419,16508.0
803,NTPC,Mar 2014,14.56,25.0,13.06,0.9327,6.9013,0.3914,1022.0,15509.0,12.0,1.0592,42.0,81455,16531.0
804,NTPC,Mar 2015,12.5,22.0,12.17,1.2455,5.3666,0.3639,-1088.0,15977.0,10.0,0.9957,21.0,102252,14889.0
805,NTPC,Mar 2016,14.69,25.0,11.77,1.0857,5.8693,0.3267,4963.0,19162.0,11.0,1.1107,26.0,99424,24125.0
806,NTPC,Mar 2017,13.06,26.0,10.95,1.1629,6.1791,0.33,-4313.0,24480.0,11.0,1.1866,37.0,113773,20167.0
808,NTPC,Mar 2019,13.99,23.0,12.6,1.5541,4.5545,0.2891,-5377.0,24063.0,14.0,1.1254,44.0,173058,18686.0
810,NTPC,Mar 2021,13.42,31.0,11.9,1.6718,4.2351,0.2802,11410.0,21034.0,15.0,1.2967,41.0,210208,32444.0
811,NTPC,Mar 2022,12.78,30.0,12.53,1.5565,4.8177,0.319,18897.0,22891.0,17.0,1.396,41.0,210707,41788.0
814,ONGC,Mar 2013,14.81,27.0,15.73,0.1356,101.2169,0.6392,-1346.0,41220.0,19.0,3.5654,34.0,20686,39874.0
815,ONGC,Mar 2014,15.31,28.0,15.49,0.2853,90.2244,0.5358,-10363.0,63633.0,21.0,4.0241,31.0,49113,53270.0
826,PFC,Mar 2013,25.63,35.0,18.74,5.8899,0.5456,0.1023,-25080.0,22.0,13.0,1.7939,21.0,139473,-25102.0
827,PFC,Mar 2014,25.52,36.0,19.85,5.785,0.5845,0.1102,-22464.0,9.0,17.0,2.085,22.0,159215,-22473.0
828,PFC,Mar 2015,24.03,34.0,18.52,5.7942,0.547,0.1092,-21946.0,491.0,18.0,2.4554,20.0,187795,-21455.0
829,PFC,Mar 2016,22.2,33.0,17.16,5.5696,0.5515,0.1127,-15271.0,1973.0,19.0,2.7294,30.0,200660,-13298.0
831,PFC,Mar 2018,18.09,24.0,22.08,11.0747,0.3894,0.0931,-55739.0,1409.0,20.0,1.5089,31.0,441151,-57148.0
832,PFC,Mar 2019,23.36,33.0,26.82,11.449,0.5163,0.086,-93715.0,13463.0,30.0,1.7849,0.0,539488,-80252.0
833,PFC,Mar 2020,15.24,23.0,19.18,12.0761,0.3456,0.0895,-42221.0,73.0,22.0,1.8712,35.0,596561,-42148.0
834,PFC,Mar 2021,21.93,28.0,25.86,10.8559,0.4457,0.0924,-57402.0,1741.0,36.0,2.3018,22.0,659682,-59143.0
835,PFC,Mar 2022,24.61,31.0,26.18,9.2147,0.5238,0.0964,4357.0,547.0,42.0,2.715,23.0,660476,4904.0
836,PFC,Mar 2023,27.26,34.0,25.17,8.9256,0.5646,0.0867,-76411.0,1694.0,48.0,3.1878,22.0,751158,-74717.0
837,PFC,Mar 2024,28.92,37.0,26.16,8.5219,0.5804,0.0881,-101229.0,3409.0,60.0,3.0651,23.0,861961,-97820.0
841,PIDILITIND,Mar 2016,15.05,22.0,30.59,0.0303,96.4615,1.4435,416.0,491.0,16.0,5.1725,26.0,80,907.0
842,PIDILITIND,Mar 2017,15.36,22.0,24.86,0.0282,98.3571,1.1776,-85.0,879.0,17.0,6.8059,28.0,98,794.0
843,PIDILITIND,Mar 2018,15.89,22.0,27.03,0.035,93.375,1.1691,835.0,39.0,19.0,7.0078,32.0,125,796.0
844,PIDILITIND,Mar 2019,13.11,19.0,22.37,0.0272,57.7308,1.1988,332.0,513.0,18.0,8.1333,36.0,113,845.0
845,PIDILITIND,Mar 2020,15.38,22.0,25.18,0.0646,49.2059,1.1182,1383.0,103.0,22.0,8.7373,32.0,288,1280.0
846,PIDILITIND,Mar 2021,15.44,23.0,20.13,0.0592,47.5676,0.8274,-296.0,1688.0,22.0,10.9667,38.0,331,1392.0
847,PIDILITIND,Mar 2022,12.17,19.0,18.85,0.065,45.119,1.045,397.0,558.0,24.0,12.5569,42.0,416,955.0
849,PIDILITIND,Mar 2024,14.11,22.0,20.78,0.0454,54.3333,1.0254,955.0,1769.0,34.0,16.4843,47.0,382,2724.0
910,POWERGRID,Mar 2013,32.97,83.0,16.34,2.6222,4.5414,0.1154,-10394.0,22084.0,5.0,0.5703,31.0,69233,11690.0
911,POWERGRID,Mar 2013,32.97,83.0,16.34,2.6222,4.5414,0.1154,-10394.0,22084.0,5.0,0.5703,31.0,69233,11690.0
912,POWERGRID,Mar 2014,29.24,83.0,13.11,2.4272,4.2077,0.1099,-11416.0,26639.0,5.0,0.6632,30.0,84220,15223.0
913,POWERGRID,Mar 2014,29.24,83.0,13.11,2.4272,4.2077,0.1099,-11416.0,26639.0,5.0,0.6632,30.0,84220,15223.0
914,POWERGRID,Mar 2015,28.77,85.0,13.13,2.5038,3.8368,0.1091,-8385.0,24185.0,5.0,0.7347,21.0,96243,15800.0
915,POWERGRID,Mar 2015,28.77,85.0,13.13,2.5038,3.8368,0.1091,-8385.0,24185.0,5.0,0.7347,21.0,96243,15800.0
916,POWERGRID,Mar 2016,28.85,88.0,13.55,2.4686,3.7043,0.1152,-6568.0,21576.0,6.0,0.8404,20.0,108545,15008.0
917,POWERGRID,Mar 2016,28.85,88.0,13.55,2.4686,3.7043,0.1152,-6568.0,21576.0,6.0,0.8404,20.0,108545,15008.0
918,POWERGRID,Mar 2017,29.0,87.0,14.94,2.3862,3.769,0.1313,-2261.0,23836.0,8.0,0.9531,31.0,118988,21575.0
919,POWERGRID,Mar 2017,29.0,87.0,14.94,2.3862,3.769,0.1313,-2261.0,23836.0,8.0,0.9531,31.0,118988,21575.0
920,POWERGRID,Mar 2018,27.39,87.0,15.07,2.4162,4.0997,0.1329,-2991.0,25701.0,9.0,1.0403,33.0,131503,22710.0
921,POWERGRID,Mar 2018,27.39,87.0,15.07,2.4162,4.0997,0.1329,-2991.0,25701.0,9.0,1.0403,33.0,131503,22710.0
922,POWERGRID,Mar 2019,28.62,77.0,16.98,2.4772,3.2534,0.1417,4544.0,18727.0,11.0,1.1294,43.0,146376,23271.0
923,POWERGRID,Mar 2019,28.62,77.0,16.98,2.4772,3.2534,0.1417,4544.0,18727.0,11.0,1.1294,43.0,146376,23271.0
924,POWERGRID,Mar 2020,29.3,87.0,17.09,2.2918,3.755,0.1471,20006.0,10733.0,12.0,1.2365,47.0,148270,30739.0
925,POWERGRID,Mar 2020,29.3,87.0,17.09,2.2918,3.755,0.1471,20006.0,10733.0,12.0,1.2365,47.0,148270,30739.0
926,POWERGRID,Mar 2021,30.36,88.0,17.21,2.048,4.3854,0.155,20159.0,9244.0,13.0,1.3367,52.0,143232,29403.0
927,POWERGRID,Mar 2021,30.36,88.0,17.21,2.048,4.3854,0.155,20159.0,9244.0,13.0,1.3367,52.0,143232,29403.0
928,POWERGRID,Mar 2022,40.42,86.0,22.07,1.7666,5.0421,0.1659,26877.0,753.0,18.0,1.0931,61.0,134696,26124.0
929,POWERGRID,Mar 2022,40.42,86.0,22.07,1.7666,5.0421,0.1659,26877.0,753.0,18.0,1.0931,61.0,134696,26124.0
930,POWERGRID,Mar 2023,33.81,87.0,18.57,1.5487,4.2214,0.1808,33065.0,7138.0,17.0,1.1903,67.0,128584,40203.0
931,POWERGRID,Mar 2023,33.81,87.0,18.57,1.5487,4.2214,0.1808,33065.0,7138.0,17.0,1.1903,67.0,128584,40203.0
932,POWERGRID,Mar 2024,33.97,87.0,17.87,1.4173,4.603,0.1828,24176.0,13114.0,17.0,0.937,67.0,123516,37290.0
933,POWERGRID,Mar 2024,33.97,87.0,17.87,1.4173,4.603,0.1828,24176.0,13114.0,17.0,0.937,67.0,123516,37290.0
934,RECLTD,Mar 2013,28.11,97.0,21.87,6.1473,1.6422,0.1044,-19907.0,152.0,15.0,1.7761,21.0,107762,-20059.0
935,RECLTD,Mar 2014,27.53,97.0,22.79,6.0651,1.6598,0.1126,-17108.0,136.0,18.0,2.1077,20.0,126173,-17244.0
936,RECLTD,Mar 2015,26.01,94.0,21.31,6.0218,1.6386,0.112,-23747.0,151.0,20.0,2.5402,20.0,150979,-23898.0
937,RECLTD,Mar 2016,23.59,93.0,19.7,5.8565,1.5718,0.1166,-14034.0,756.0,22.0,2.9274,30.0,169212,-13278.0
938,RECLTD,Mar 2017,25.94,92.0,18.75,4.9851,1.6694,0.1158,6704.0,101.0,24.0,1.7049,30.0,167852,6805.0
939,RECLTD,Mar 2018,19.64,85.0,13.66,6.2712,1.4473,0.0935,-32464.0,46.0,17.0,1.65,41.0,204367,-32510.0
940,RECLTD,Mar 2019,22.6,93.0,16.62,7.0703,1.5179,0.0851,-35409.0,457.0,22.0,1.7492,38.0,244249,-35866.0
941,RECLTD,Mar 2020,16.61,87.0,14.05,8.0879,1.3708,0.0863,-32591.0,121.0,19.0,1.7923,44.0,286289,-32712.0
942,RECLTD,Mar 2021,23.56,91.0,19.14,7.5341,1.5022,0.0887,-42651.0,861.0,32.0,2.2159,30.0,329723,-43512.0
943,RECLTD,Mar 2022,25.55,88.0,19.56,6.4903,1.5646,0.0956,-1106.0,287.0,38.0,2.5982,30.0,333043,-819.0
944,RECLTD,Mar 2023,28.28,95.0,19.21,6.5518,1.5867,0.0848,-38303.0,943.0,42.0,2.2074,30.0,380790,-37360.0
945,RECLTD,Mar 2024,29.77,101.0,20.4,6.4249,1.6005,0.0867,-59554.0,1831.0,54.0,2.6339,30.0,445568,-57723.0
970,SHREECEM,Jun 2013,18.53,29.0,26.12,0.3351,9.057,0.8795,990.0,270.0,288.0,10.9829,7.0,1288,1260.0
971,SHREECEM,Jun 2014,13.77,24.0,16.71,0.2547,11.5814,0.7798,167.0,1234.0,226.0,13.46,10.0,1200,1401.0
973,SHREECEM,Mar 2017,15.58,29.0,17.39,0.168,22.2868,0.7697,154.0,2048.0,384.0,21.9943,36.0,1293,2202.0
974,SHREECEM,Mar 2018,14.08,25.0,15.56,0.3825,21.2,0.6494,-1716.0,3595.0,397.0,25.42,13.0,3403,1879.0
977,SHREECEM,Mar 2021,17.23,30.0,15.18,0.1448,17.996,0.6303,1603.0,2651.0,646.0,42.7694,9.0,2230,4254.0
979,SHREECEM,Mar 2023,13.27,17.0,12.71,0.1462,13.0,0.6779,164.0,2405.0,664.0,51.7667,28.0,2725,2569.0
981,SHRIRAMFIN,Mar 2013,20.87,31.0,19.94,4.5497,0.707,0.1483,-8400.0,41.0,12.0,3.2326,11.0,33386,-8359.0
982,SHRIRAMFIN,Mar 2014,16.02,24.0,15.96,4.5394,0.4732,0.162,-4167.0,112.0,11.0,3.7489,12.0,38630,-4055.0
986,SHRIRAMFIN,Mar 2018,18.88,28.0,18.62,5.9993,0.6135,0.1387,-13056.0,86.0,20.0,6.0308,10.0,82131,-13142.0
987,SHRIRAMFIN,Mar 2019,16.58,24.0,16.14,5.5074,0.5052,0.1474,-5611.0,76.0,20.0,7.0322,11.0,87914,-5535.0
988,SHRIRAMFIN,Mar 2020,15.17,22.0,13.85,5.2219,0.4305,0.1449,-2519.0,55.0,20.0,7.9921,5.0,94735,-2464.0
989,SHRIRAMFIN,Mar 2021,14.34,20.0,11.51,4.9061,0.3758,0.1341,-4264.0,25.0,18.0,8.5838,18.0,106546,-4239.0
990,SHRIRAMFIN,Mar 2022,14.13,19.0,10.43,4.4011,0.377,0.1353,-8893.0,34.0,20.0,9.6292,20.0,114846,-8859.0
991,SHRIRAMFIN,Mar 2023,19.74,29.0,13.84,3.7737,0.6788,0.1448,-12549.0,5076.0,32.0,11.6342,22.0,164202,-17625.0
992,SHRIRAMFIN,Mar 2024,20.33,29.0,15.12,3.994,0.6767,0.1466,-31359.0,258.0,39.0,13.0178,23.0,195496,-31101.0
996,SIEMENS,Sep 2016,26.89,9.0,42.83,0.0037,379.7273,0.9041,750.0,237.0,82.0,9.5817,41.0,25,513.0
1004,SIEMENS,Sep 2024,12.22,14.0,17.7,0.0182,67.15,0.8791,1168.0,502.0,76.0,21.6296,16.0,279,1670.0
1005,SUNPHARMA,Mar 2013,31.17,43.0,23.14,0.0173,109.1628,0.5463,982.0,2375.0,14.0,14.4135,9.0,260,3357.0
1006,SUNPHARMA,Mar 2014,24.12,44.0,20.94,0.1382,114.4318,0.5527,1783.0,2176.0,15.0,8.9493,10.0,2561,3959.0
1007,SUNPHARMA,Mar 2015,19.99,29.0,21.36,0.3509,14.1226,0.5622,4114.0,1502.0,22.0,12.3855,14.0,8996,5616.0
1008,SUNPHARMA,Mar 2016,19.86,29.0,17.15,0.2576,15.5488,0.5139,2737.0,3949.0,19.0,13.6859,5.0,8497,6686.0
1009,SUNPHARMA,Mar 2017,24.85,32.0,21.41,0.2683,26.78,0.5169,2896.0,4186.0,29.0,15.2667,12.0,9832,7082.0
1012,SUNPHARMA,Mar 2020,12.7,21.0,9.22,0.1837,24.3069,0.4815,4330.0,2225.0,16.0,18.8604,25.0,8315,6555.0
1015,SUNPHARMA,Mar 2023,19.4,27.0,15.2,0.123,70.4012,0.5437,-2261.0,7220.0,35.0,23.3313,33.0,6886,4959.0
1016,SUNPHARMA,Mar 2024,19.82,28.0,15.09,0.0514,58.3319,0.5685,11372.0,763.0,40.0,26.5279,34.0,3274,12135.0
1058,TATASTEEL,Mar 2018,14.4,17.0,29.15,1.5138,5.9269,0.5905,-3707.0,11730.0,12.0,5.3162,9.0,92147,8023.0
1062,TATASTEEL,Mar 2022,17.11,26.0,36.48,0.6603,11.862,0.8638,33476.0,10905.0,33.0,9.3729,16.0,75561,44381.0
1065,TCS,Mar 2013,22.35,29.0,36.52,0.0086,400.375,1.2129,5577.0,6038.0,36.0,19.6663,31.0,332,11615.0
1066,TCS,Mar 2014,23.63,31.0,39.3,0.006,686.9231,1.2242,5299.0,9452.0,49.0,25.0995,33.0,297,14751.0
1067,TCS,Mar 2015,21.19,26.0,39.62,0.0071,271.1731,1.2909,17562.0,1807.0,51.0,25.8342,78.0,358,19369.0
1068,TCS,Mar 2016,22.4,28.0,34.23999999999999,0.0034,1023.0606,1.2305,14099.0,5010.0,62.0,36.0772,35.0,245,19109.0
1069,TCS,Mar 2017,22.34,27.0,30.57,0.0034,1141.625,1.1528,8328.0,16895.0,67.0,43.7635,35.0,289,25223.0
1070,TCS,Mar 2018,21.02,26.0,30.4,0.0029,695.3462,1.171,28171.0,3104.0,67.0,44.5696,37.0,247,25067.0
1071,TCS,Mar 2019,21.55,27.0,35.29,0.0007,221.298,1.2859,30238.0,1645.0,84.0,23.8523,36.0,62,28593.0
1072,TCS,Mar 2020,20.67,27.0,38.57,0.0972,50.5422,1.3065,41337.0,8968.0,86.0,22.4336,85.0,8174,32369.0
1073,TCS,Mar 2021,19.83,28.0,37.66999999999999,0.0902,76.0785,1.263,30846.0,7956.0,88.0,23.3603,43.0,7795,38802.0
1074,TCS,Mar 2022,20.05,28.0,43.13,0.0877,72.7997,1.3607,39211.0,738.0,105.0,24.3549,41.0,7818,39949.0
1075,TCS,Mar 2023,18.76,26.0,46.78,0.085,80.4981,1.5782,42513.0,548.0,115.0,24.706,100.0,7688,41965.0
1076,TCS,Mar 2024,19.14,27.0,50.94,0.0886,87.0951,1.6559,50429.0,6091.0,127.0,24.997,58.0,8021,44338.0
1077,TECHM,Mar 2013,19.02,21.0,24.09,0.2543,12.4369,0.765,233.0,622.0,25.0,4.2391,5.0,1380,855.0
1078,TECHM,Mar 2013,19.02,21.0,24.09,0.2543,12.4369,0.765,233.0,622.0,25.0,4.2391,5.0,1380,855.0
1079,TECHM,Mar 2014,16.29,22.0,33.35,0.0395,55.2,1.1795,1887.0,291.0,32.0,3.9239,15.0,363,1596.0
1080,TECHM,Mar 2014,16.29,22.0,33.35,0.0395,55.2,1.1795,1887.0,291.0,32.0,3.9239,15.0,363,1596.0
1087,TECHM,Mar 2018,12.3,15.0,20.09,0.1272,37.821,1.0112,235.0,3319.0,39.0,4.2631,33.0,2397,3554.0
1088,TECHM,Mar 2018,12.3,15.0,20.09,0.1272,37.821,1.0112,235.0,3319.0,39.0,4.2631,33.0,2397,3554.0
1089,TECHM,Mar 2019,12.35,18.0,21.14,0.0984,51.1654,1.0387,2328.0,2104.0,44.0,4.5687,29.0,1996,4432.0
1090,TECHM,Mar 2019,12.35,18.0,21.14,0.0984,51.1654,1.0387,2328.0,2104.0,44.0,4.5687,29.0,1996,4432.0
1095,TECHM,Mar 2022,12.61,18.0,20.94,0.0974,56.0429,1.0052,5765.0,480.0,57.0,6.1244,47.0,2618,5285.0
1096,TECHM,Mar 2022,12.61,18.0,20.94,0.0974,56.0429,1.0052,5765.0,480.0,57.0,6.1244,47.0,2618,5285.0
1113,TORNTPHARM,Mar 2013,13.58,22.0,30.59,0.4873,20.5294,0.8535,-94.0,247.0,13.0,3.3857,45.0,693,153.0
1114,TORNTPHARM,Mar 2014,15.92,23.0,34.89,0.5949,16.7627,0.8307,181.0,418.0,20.0,2.2388,25.0,1132,599.0
1115,TORNTPHARM,Mar 2015,16.2,22.0,30.15,1.1,7.4629,0.5928,-1303.0,2113.0,22.0,2.9306,25.0,2740,810.0
1116,TORNTPHARM,Mar 2016,25.92,41.0,49.6,0.6732,15.0272,0.7525,1873.0,869.0,51.0,4.1106,34.0,2352,2742.0
1117,TORNTPHARM,Mar 2017,16.06,24.0,21.47,0.5769,7.767,0.6058,211.0,798.0,28.0,5.1188,25.0,2510,1009.0
1120,TORNTPHARM,Mar 2020,12.91,27.0,21.25,1.199,5.0798,0.5667,1622.0,229.0,30.0,5.6753,53.0,5784,1393.0
1121,TORNTPHARM,Mar 2021,15.64,31.0,21.45,0.8349,7.187,0.5687,1561.0,444.0,37.0,6.8682,47.0,4874,2005.0
1123,TORNTPHARM,Mar 2023,12.94,30.0,20.09,0.8662,8.6697,0.6585,33.0,2335.0,37.0,3.6675,60.0,5369,2368.0
1124,TORNTPHARM,Mar 2024,15.44,31.0,24.15,0.5866,9.9266,0.7396,3106.0,160.0,49.0,4.0568,57.0,4022,3266.0
1149,ULTRACEMCO,Mar 2013,13.1,24.0,17.65,0.4821,20.4087,0.6935,-744.0,4362.0,98.0,5.558,9.0,7342,3618.0
1156,ULTRACEMCO,Mar 2020,13.55,22.0,14.73,0.5896,4.9684,0.5356,4780.0,4192.0,199.0,13.51,7.0,23019,8972.0
1157,ULTRACEMCO,Mar 2021,12.21,26.0,12.36,0.4917,8.2012,0.519,3644.0,8856.0,189.0,15.2855,20.0,21719,12500.0
1158,ULTRACEMCO,Mar 2022,13.94,22.0,14.54,0.224,12.8921,0.6276,11540.0,2257.0,254.0,17.4519,15.0,11299,9283.0
1172,UNIONBANK,Mar 2024,13.75,5.0,14.14,12.8237,0.3536,0.0716,18536.0,1394.0,18.0,1.2785,20.0,1251568,19930.0
1176,INDIGO,Mar 2016,12.3,3164.0,1534.78,0.0618,25.235,82.3469,1779.0,1337.0,55.0,32.35,27.0,8,3116.0
